,train_loss,train_acc,val_acc,test_acc,num_feats
0,3.336338520050049,0.029914529914529916,0.03632478632478633,0.053418803418803416,617
1,3.3191123008728027,0.03418803418803419,0.07478632478632478,0.0876068376068376,617
2,3.296509265899658,0.06837606837606838,0.1282051282051282,0.1517094017094017,617
3,3.253575325012207,0.1581196581196581,0.13675213675213677,0.1282051282051282,617
4,3.1693882942199707,0.12393162393162394,0.09829059829059829,0.09829059829059829,617
5,3.0225577354431152,0.10256410256410256,0.1282051282051282,0.12179487179487179,617
6,2.884953737258911,0.12179487179487179,0.11752136752136752,0.12606837606837606,617
7,2.6887922286987305,0.19017094017094016,0.08974358974358974,0.1111111111111111,617
8,2.798740863800049,0.09615384615384616,0.25854700854700857,0.27350427350427353,617
9,2.400437116622925,0.25854700854700857,0.22435897435897437,0.2606837606837607,617
10,2.253288984298706,0.2777777777777778,0.25213675213675213,0.3162393162393162,617
11,2.1647047996520996,0.2863247863247863,0.3547008547008547,0.3311965811965812,617
12,1.9618030786514282,0.30128205128205127,0.4017094017094017,0.33974358974358976,617
13,1.7485872507095337,0.3888888888888889,0.4722222222222222,0.4444444444444444,617
14,1.6870280504226685,0.4722222222222222,0.4081196581196581,0.46153846153846156,617
15,1.5367575883865356,0.47649572649572647,0.46794871794871795,0.4230769230769231,617
16,1.5773857831954956,0.4166666666666667,0.4893162393162393,0.47435897435897434,617
17,1.8632041215896606,0.3333333333333333,0.49572649572649574,0.5149572649572649,617
18,1.4117403030395508,0.5341880341880342,0.44871794871794873,0.5106837606837606,617
19,1.5905238389968872,0.42094017094017094,0.4700854700854701,0.3974358974358974,617
20,1.443721055984497,0.45726495726495725,0.5405982905982906,0.5021367521367521,617
21,1.4650635719299316,0.4722222222222222,0.5042735042735043,0.405982905982906,617
22,1.3495802879333496,0.5405982905982906,0.532051282051282,0.5299145299145299,617
23,1.1364976167678833,0.5555555555555556,0.5705128205128205,0.5021367521367521,617
24,1.2714236974716187,0.5341880341880342,0.45726495726495725,0.48504273504273504,617
25,1.6477632522583008,0.44871794871794873,0.5470085470085471,0.5299145299145299,617
26,1.2540745735168457,0.5064102564102564,0.5683760683760684,0.5811965811965812,617
27,1.0989680290222168,0.6175213675213675,0.5747863247863247,0.6153846153846154,617
28,1.1967380046844482,0.5341880341880342,0.6111111111111112,0.6004273504273504,617
29,1.225597620010376,0.5384615384615384,0.6175213675213675,0.5982905982905983,617
30,0.9230712652206421,0.6901709401709402,0.6282051282051282,0.6282051282051282,617
31,1.0098063945770264,0.6367521367521367,0.6495726495726496,0.6816239316239316,617
32,1.0469236373901367,0.6239316239316239,0.6431623931623932,0.5555555555555556,617
33,1.0720787048339844,0.6068376068376068,0.5982905982905983,0.6282051282051282,617
34,1.1856720447540283,0.5662393162393162,0.6260683760683761,0.6431623931623932,617
35,0.9765589833259583,0.6217948717948718,0.6645299145299145,0.6153846153846154,617
36,0.9850108623504639,0.6538461538461539,0.6901709401709402,0.688034188034188,617
37,0.8506885766983032,0.7094017094017094,0.6794871794871795,0.7008547008547008,617
38,0.911264181137085,0.6858974358974359,0.7029914529914529,0.7115384615384616,617
39,0.7963378429412842,0.7115384615384616,0.6282051282051282,0.6858974358974359,617
40,0.7843508124351501,0.7051282051282052,0.6410256410256411,0.6645299145299145,617
41,0.8050570487976074,0.7094017094017094,0.6794871794871795,0.7243589743589743,617
42,0.9868159294128418,0.6517094017094017,0.7863247863247863,0.7478632478632479,617
43,0.6309378147125244,0.7777777777777778,0.7564102564102564,0.7457264957264957,617
44,0.7495368719100952,0.7094017094017094,0.6987179487179487,0.7200854700854701,617
45,0.6596818566322327,0.7628205128205128,0.7457264957264957,0.7414529914529915,617
46,0.6310214400291443,0.7670940170940171,0.7307692307692307,0.8183760683760684,617
47,0.7034671306610107,0.7329059829059829,0.7542735042735043,0.7756410256410257,617
48,0.7693324685096741,0.7158119658119658,0.7585470085470085,0.7478632478632479,617
49,0.6389405131340027,0.8055555555555556,0.7329059829059829,0.7713675213675214,617
50,0.6108603477478027,0.7948717948717948,0.7542735042735043,0.7649572649572649,617
51,0.6413698792457581,0.7649572649572649,0.7628205128205128,0.7585470085470085,617
52,0.575546383857727,0.7970085470085471,0.7371794871794872,0.7905982905982906,617
53,0.6146258115768433,0.8034188034188035,0.7542735042735043,0.7564102564102564,617
54,0.6125665903091431,0.7927350427350427,0.8183760683760684,0.7692307692307693,617
55,0.7951714396476746,0.7585470085470085,0.7564102564102564,0.7414529914529915,617
56,0.5908626914024353,0.7991452991452992,0.7927350427350427,0.7735042735042735,617
57,0.6511203050613403,0.7735042735042735,0.7670940170940171,0.7799145299145299,617
58,0.7825042009353638,0.7371794871794872,0.7756410256410257,0.7927350427350427,617
59,0.5501441955566406,0.7991452991452992,0.8611111111111112,0.844017094017094,617
60,0.6263030767440796,0.7606837606837606,0.8568376068376068,0.8547008547008547,617
61,0.5407947301864624,0.8226495726495726,0.8055555555555556,0.811965811965812,617
62,0.7263565063476562,0.7457264957264957,0.8290598290598291,0.7713675213675214,617
63,0.6014288067817688,0.7948717948717948,0.8333333333333334,0.8055555555555556,617
64,0.6724622249603271,0.7756410256410257,0.8311965811965812,0.8653846153846154,617
65,0.4389054775238037,0.8589743589743589,0.8547008547008547,0.8376068376068376,617
66,0.6380808353424072,0.7606837606837606,0.811965811965812,0.8226495726495726,617
67,0.526984691619873,0.7948717948717948,0.8376068376068376,0.8269230769230769,617
68,0.5034356117248535,0.8183760683760684,0.7158119658119658,0.7948717948717948,617
69,0.4109937846660614,0.8739316239316239,0.8696581196581197,0.8632478632478633,617
70,0.4937252998352051,0.8269230769230769,0.8568376068376068,0.8525641025641025,617
71,0.4457336664199829,0.8632478632478633,0.8568376068376068,0.8717948717948718,617
72,0.47256678342819214,0.844017094017094,0.8931623931623932,0.8888888888888888,617
73,0.5718252062797546,0.8076923076923077,0.7884615384615384,0.8739316239316239,617
74,0.43315252661705017,0.8717948717948718,0.8269230769230769,0.8653846153846154,617
75,0.36675524711608887,0.8952991452991453,0.7670940170940171,0.7841880341880342,617
76,0.5110241174697876,0.8290598290598291,0.7692307692307693,0.7393162393162394,617
77,0.7649616003036499,0.7286324786324786,0.8376068376068376,0.7863247863247863,617
78,0.6809948086738586,0.7905982905982906,0.8568376068376068,0.8589743589743589,617
79,0.4806830883026123,0.8397435897435898,0.8183760683760684,0.8525641025641025,617
80,0.5312376618385315,0.8226495726495726,0.7564102564102564,0.7051282051282052,617
81,0.681649923324585,0.7713675213675214,0.7905982905982906,0.7970085470085471,617
82,0.578505277633667,0.8376068376068376,0.8504273504273504,0.8183760683760684,617
83,0.9213277697563171,0.7350427350427351,0.8632478632478633,0.8867521367521367,617
84,0.472536563873291,0.8632478632478633,0.8611111111111112,0.8482905982905983,617
85,0.43266862630844116,0.8632478632478633,0.8311965811965812,0.7393162393162394,617
86,0.4583187401294708,0.8547008547008547,0.8354700854700855,0.8183760683760684,617
87,0.5310006141662598,0.8333333333333334,0.7863247863247863,0.8589743589743589,617
88,0.36982548236846924,0.8888888888888888,0.8076923076923077,0.8311965811965812,617
89,0.5978493094444275,0.8205128205128205,0.9081196581196581,0.8034188034188035,617
90,0.405568391084671,0.8696581196581197,0.9038461538461539,0.8611111111111112,617
91,0.3290133774280548,0.8888888888888888,0.8290598290598291,0.8888888888888888,617
92,0.36891913414001465,0.8931623931623932,0.7072649572649573,0.8974358974358975,617
93,0.43333056569099426,0.8504273504273504,0.8824786324786325,0.9038461538461539,617
94,0.4027608335018158,0.8867521367521367,0.8931623931623932,0.8931623931623932,617
95,0.5114977955818176,0.8397435897435898,0.8952991452991453,0.8653846153846154,617
96,0.39585211873054504,0.8803418803418803,0.844017094017094,0.8931623931623932,617
97,0.41649699211120605,0.8675213675213675,0.8653846153846154,0.844017094017094,617
98,0.4318445324897766,0.8547008547008547,0.8226495726495726,0.8739316239316239,617
99,0.6158477067947388,0.8012820512820513,0.9337606837606838,0.9294871794871795,617
100,0.3145058751106262,0.9123931623931624,0.8995726495726496,0.9273504273504274,617
101,0.3087862730026245,0.9166666666666666,0.9401709401709402,0.9102564102564102,617
102,0.27917876839637756,0.9145299145299145,0.8333333333333334,0.8354700854700855,617
103,0.6733953952789307,0.7884615384615384,0.8739316239316239,0.8910256410256411,617
104,0.36043936014175415,0.8760683760683761,0.7713675213675214,0.8803418803418803,617
105,0.735405445098877,0.7841880341880342,0.9294871794871795,0.9188034188034188,617
106,0.2595709562301636,0.9273504273504274,0.8589743589743589,0.9017094017094017,617
107,0.4306660592556,0.8547008547008547,0.9017094017094017,0.8675213675213675,617
108,0.34530335664749146,0.8952991452991453,0.9123931623931624,0.8846153846153846,617
109,0.3177708387374878,0.9102564102564102,0.8568376068376068,0.9252136752136753,617
110,0.30281752347946167,0.8931623931623932,0.9081196581196581,0.9401709401709402,617
111,0.29242604970932007,0.9209401709401709,0.9252136752136753,0.9358974358974359,617
112,0.3006986081600189,0.9145299145299145,0.8717948717948718,0.9209401709401709,617
113,0.28317153453826904,0.9230769230769231,0.9081196581196581,0.9252136752136753,617
114,0.39749595522880554,0.8931623931623932,0.8226495726495726,0.9316239316239316,617
115,0.2783171534538269,0.9230769230769231,0.938034188034188,0.8739316239316239,617
116,0.2912006974220276,0.9209401709401709,0.8055555555555556,0.8888888888888888,617
117,0.31727150082588196,0.9038461538461539,0.9465811965811965,0.9551282051282052,617
118,0.40395426750183105,0.8611111111111112,0.9123931623931624,0.9273504273504274,617
119,0.25091585516929626,0.9423076923076923,0.9423076923076923,0.8952991452991453,617
120,0.26768654584884644,0.9230769230769231,0.8952991452991453,0.8931623931623932,617
121,0.3816071152687073,0.8717948717948718,0.8995726495726496,0.8760683760683761,617
122,0.38264235854148865,0.8739316239316239,0.9038461538461539,0.9273504273504274,617
123,0.3205909729003906,0.9123931623931624,0.8525641025641025,0.905982905982906,617
124,0.3754773736000061,0.8782051282051282,0.9209401709401709,0.8504273504273504,617
125,0.4360204339027405,0.8568376068376068,0.9316239316239316,0.8931623931623932,617
126,0.26652196049690247,0.938034188034188,0.811965811965812,0.8995726495726496,617
127,0.4766523838043213,0.8461538461538461,0.8547008547008547,0.8525641025641025,617
128,0.27736371755599976,0.9081196581196581,0.8867521367521367,0.8931623931623932,617
129,0.28515660762786865,0.9081196581196581,0.8611111111111112,0.8589743589743589,617
130,0.2527666687965393,0.938034188034188,0.8418803418803419,0.8760683760683761,617
131,0.4814223647117615,0.8333333333333334,0.9188034188034188,0.8952991452991453,617
132,0.5574575066566467,0.7905982905982906,0.905982905982906,0.9123931623931624,617
133,0.2346484363079071,0.9444444444444444,0.9252136752136753,0.9145299145299145,617
134,0.25892579555511475,0.9316239316239316,0.9444444444444444,0.9465811965811965,617
135,0.3380742371082306,0.9081196581196581,0.8482905982905983,0.8931623931623932,617
136,0.2639004588127136,0.9316239316239316,0.9529914529914529,0.9465811965811965,617
137,0.34694454073905945,0.8782051282051282,0.9358974358974359,0.8717948717948718,617
138,0.49800434708595276,0.8461538461538461,0.905982905982906,0.9551282051282052,617
139,0.21303069591522217,0.9423076923076923,0.9615384615384616,0.9273504273504274,617
140,0.21750935912132263,0.9487179487179487,0.9123931623931624,0.9273504273504274,617
141,0.24807876348495483,0.9444444444444444,0.938034188034188,0.9166666666666666,617
142,0.27686211466789246,0.9252136752136753,0.844017094017094,0.9316239316239316,617
143,0.3115726113319397,0.9038461538461539,0.8739316239316239,0.9337606837606838,617
144,0.266318678855896,0.9081196581196581,0.9252136752136753,0.9358974358974359,617
145,0.2924323081970215,0.9166666666666666,0.9188034188034188,0.9423076923076923,617
146,0.3438081741333008,0.9123931623931624,0.9423076923076923,0.9337606837606838,617
147,0.22606170177459717,0.9465811965811965,0.9658119658119658,0.9508547008547008,617
148,0.2086699903011322,0.9487179487179487,0.8803418803418803,0.905982905982906,617
149,0.32052135467529297,0.8995726495726496,0.9145299145299145,0.9166666666666666,617
150,0.338642954826355,0.8888888888888888,0.8910256410256411,0.9401709401709402,617
151,0.23475515842437744,0.9294871794871795,0.9551282051282052,0.9572649572649573,617
152,0.24986237287521362,0.9465811965811965,0.9764957264957265,0.9529914529914529,617
153,0.42578160762786865,0.8568376068376068,0.9551282051282052,0.9487179487179487,617
154,0.1741756647825241,0.967948717948718,0.8931623931623932,0.9465811965811965,617
155,0.3269798159599304,0.9145299145299145,0.8696581196581197,0.9337606837606838,617
156,0.23809859156608582,0.9294871794871795,0.8782051282051282,0.8888888888888888,617
157,0.37368765473365784,0.8888888888888888,0.9551282051282052,0.9572649572649573,617
158,0.49797433614730835,0.8696581196581197,0.9401709401709402,0.9209401709401709,617
159,0.1880628764629364,0.9615384615384616,0.9316239316239316,0.9786324786324786,617
160,0.18140971660614014,0.967948717948718,0.8632478632478633,0.8589743589743589,617
161,0.2784656584262848,0.9273504273504274,0.8589743589743589,0.8888888888888888,617
162,0.40092381834983826,0.8696581196581197,0.8952991452991453,0.8482905982905983,617
163,0.28575587272644043,0.9081196581196581,0.8931623931623932,0.938034188034188,617
164,0.24816405773162842,0.9188034188034188,0.9529914529914529,0.9551282051282052,617
165,0.2847975790500641,0.9209401709401709,0.9401709401709402,0.9487179487179487,617
166,0.2218153476715088,0.9551282051282052,0.9636752136752137,0.9487179487179487,617
167,0.2423611879348755,0.9316239316239316,0.9273504273504274,0.9401709401709402,617
168,0.19651737809181213,0.9615384615384616,0.9188034188034188,0.905982905982906,617
169,0.1754876971244812,0.9551282051282052,0.9529914529914529,0.9102564102564102,617
170,0.255132257938385,0.9316239316239316,0.9508547008547008,0.9572649572649573,617
171,0.18655885756015778,0.9551282051282052,0.967948717948718,0.9572649572649573,617
172,0.2244945913553238,0.9529914529914529,0.9594017094017094,0.9529914529914529,617
173,0.34655848145484924,0.9123931623931624,0.8974358974358975,0.9529914529914529,617
174,0.23814347386360168,0.938034188034188,0.9594017094017094,0.9594017094017094,617
175,0.1648683249950409,0.9786324786324786,0.9700854700854701,0.9722222222222222,617
176,0.24575206637382507,0.9273504273504274,0.9337606837606838,0.9615384615384616,617
177,0.28096717596054077,0.9209401709401709,0.9508547008547008,0.9337606837606838,617
178,0.1695725917816162,0.9594017094017094,0.9508547008547008,0.9487179487179487,617
179,0.2118707299232483,0.9423076923076923,0.905982905982906,0.9294871794871795,617
180,0.21787694096565247,0.9444444444444444,0.9358974358974359,0.9700854700854701,617
181,0.4000938832759857,0.9017094017094017,0.8803418803418803,0.9273504273504274,617
182,0.20280203223228455,0.9444444444444444,0.9551282051282052,0.9529914529914529,617
183,0.2555128335952759,0.9166666666666666,0.9294871794871795,0.9615384615384616,617
184,0.2101215124130249,0.9465811965811965,0.9636752136752137,0.9529914529914529,617
185,0.271156370639801,0.9316239316239316,0.9700854700854701,0.9594017094017094,617
186,0.2334606945514679,0.9444444444444444,0.9658119658119658,0.9615384615384616,617
187,0.12276344001293182,0.9935897435897436,0.9423076923076923,0.9230769230769231,617
188,0.2770318388938904,0.9209401709401709,0.9252136752136753,0.9551282051282052,617
189,0.237123042345047,0.9401709401709402,0.9316239316239316,0.9038461538461539,617
190,0.15949025750160217,0.9615384615384616,0.9423076923076923,0.9188034188034188,617
191,0.23217639327049255,0.9401709401709402,0.9166666666666666,0.9743589743589743,617
192,0.25393253564834595,0.9337606837606838,0.9786324786324786,0.9444444444444444,617
193,0.2925715148448944,0.9230769230769231,0.9722222222222222,0.9358974358974359,617
194,0.2826509475708008,0.9294871794871795,0.938034188034188,0.9636752136752137,617
195,0.12503671646118164,0.9871794871794872,0.9487179487179487,0.9850427350427351,617
196,0.13678763806819916,0.9700854700854701,0.9658119658119658,0.9615384615384616,617
197,0.25614118576049805,0.9273504273504274,0.9294871794871795,0.967948717948718,617
198,0.13356217741966248,0.9764957264957265,0.9444444444444444,0.9423076923076923,617
199,0.1626444011926651,0.9636752136752137,0.9636752136752137,0.9444444444444444,617
200,0.17954480648040771,0.9572649572649573,0.9081196581196581,0.9636752136752137,617
201,0.15707358717918396,0.967948717948718,0.9743589743589743,0.9807692307692307,617
202,0.1241346001625061,0.9829059829059829,0.9700854700854701,0.967948717948718,617
203,0.15598821640014648,0.9743589743589743,0.9722222222222222,0.9871794871794872,617
204,0.13193821907043457,0.9764957264957265,0.9700854700854701,0.9594017094017094,617
205,0.20708051323890686,0.9423076923076923,0.9807692307692307,0.9871794871794872,617
206,0.14244452118873596,0.9786324786324786,0.9914529914529915,0.9764957264957265,617
207,0.13090315461158752,0.9850427350427351,0.9764957264957265,0.9551282051282052,617
208,0.21230866014957428,0.9465811965811965,0.9807692307692307,0.9401709401709402,617
209,0.14980565011501312,0.9786324786324786,0.967948717948718,0.9358974358974359,617
210,0.17053890228271484,0.9572649572649573,0.9935897435897436,0.9615384615384616,617
211,0.17591223120689392,0.9636752136752137,0.9594017094017094,0.9893162393162394,617
212,0.1312253177165985,0.9807692307692307,0.9658119658119658,0.9658119658119658,617
213,0.10667465627193451,0.9871794871794872,0.9743589743589743,0.9807692307692307,617
214,0.18159881234169006,0.9700854700854701,0.9829059829059829,0.9658119658119658,617
215,0.12759289145469666,0.9829059829059829,0.9807692307692307,0.9081196581196581,617
216,0.12038827687501907,0.9829059829059829,0.9508547008547008,0.9893162393162394,617
217,0.11121489107608795,0.9935897435897436,0.9893162393162394,0.9743589743589743,617
218,0.16188591718673706,0.9615384615384616,0.9914529914529915,0.9444444444444444,617
219,0.13985811173915863,0.9807692307692307,0.9871794871794872,0.9850427350427351,617
220,0.1285526156425476,0.9829059829059829,0.9893162393162394,0.9743589743589743,617
221,0.13128413259983063,0.9764957264957265,0.9935897435897436,0.9893162393162394,617
222,0.12939797341823578,0.9871794871794872,0.9786324786324786,0.9786324786324786,617
223,0.11193174123764038,0.9893162393162394,0.9829059829059829,0.9358974358974359,617
224,0.09979666024446487,0.9914529914529915,0.9829059829059829,0.9829059829059829,617
225,0.16282668709754944,0.9615384615384616,0.9893162393162394,0.9893162393162394,617
226,0.09261484444141388,0.9978632478632479,0.9957264957264957,0.9871794871794872,617
227,0.1121537834405899,0.9871794871794872,0.9572649572649573,0.9358974358974359,617
228,0.14451059699058533,0.9722222222222222,0.9722222222222222,0.9871794871794872,617
229,0.1190667673945427,0.9893162393162394,0.9807692307692307,0.9465811965811965,617
230,0.09252932667732239,0.9957264957264957,0.9871794871794872,0.9871794871794872,617
231,0.11729615926742554,0.9893162393162394,0.9914529914529915,0.9871794871794872,617
232,0.1302480697631836,0.9764957264957265,0.9850427350427351,0.9743589743589743,617
233,0.12321048974990845,0.9700854700854701,0.9935897435897436,0.9615384615384616,617
234,0.10960528254508972,0.9914529914529915,0.9786324786324786,0.9829059829059829,617
235,0.11571398377418518,0.9850427350427351,0.9935897435897436,0.9893162393162394,617
236,0.11220048367977142,0.9871794871794872,0.9871794871794872,0.9893162393162394,617
237,0.11431432515382767,0.9829059829059829,0.9871794871794872,0.9957264957264957,617
238,0.10557105392217636,0.9850427350427351,0.9871794871794872,0.9935897435897436,617
239,0.08281368017196655,1.0,0.9807692307692307,0.9829059829059829,617
240,0.09681354463100433,0.9935897435897436,0.9914529914529915,0.9807692307692307,617
241,0.11459984630346298,0.9871794871794872,0.9829059829059829,0.9871794871794872,617
242,0.09607235342264175,0.9914529914529915,0.9850427350427351,0.9636752136752137,617
243,0.13649320602416992,0.9807692307692307,0.9829059829059829,0.9893162393162394,617
244,0.0931767076253891,0.9935897435897436,0.9957264957264957,0.9807692307692307,617
245,0.11782720685005188,0.9764957264957265,0.9935897435897436,0.9914529914529915,617
246,0.11889337003231049,0.9786324786324786,0.9893162393162394,0.9743589743589743,617
247,0.12347482144832611,0.9893162393162394,0.9914529914529915,0.967948717948718,617
248,0.14137233793735504,0.9764957264957265,0.9786324786324786,0.9871794871794872,617
249,0.09096866846084595,0.9914529914529915,0.9935897435897436,0.9978632478632479,617
250,0.07798904180526733,1.0,0.9871794871794872,1.0,617
251,0.098673515021801,0.9893162393162394,0.9871794871794872,0.9700854700854701,617
252,0.15891994535923004,0.9658119658119658,0.9764957264957265,0.9807692307692307,617
253,0.11182790994644165,0.9807692307692307,0.9786324786324786,0.9722222222222222,617
254,0.16666877269744873,0.9615384615384616,0.9957264957264957,0.9615384615384616,617
255,0.09470908343791962,0.9957264957264957,0.9850427350427351,0.9786324786324786,617
256,0.2200516164302826,0.9658119658119658,0.9871794871794872,0.9786324786324786,617
257,0.09362118691205978,0.9935897435897436,0.967948717948718,0.9294871794871795,617
258,0.09557056427001953,0.9935897435897436,0.9786324786324786,0.9615384615384616,617
259,0.12320993840694427,0.9786324786324786,0.9893162393162394,0.9615384615384616,617
260,0.14114999771118164,0.9786324786324786,0.9636752136752137,0.9807692307692307,617
261,0.15719804167747498,0.9722222222222222,0.9957264957264957,0.9700854700854701,617
262,0.12913237512111664,0.9743589743589743,0.9807692307692307,0.9615384615384616,617
263,0.136369526386261,0.9722222222222222,0.9551282051282052,0.9829059829059829,617
264,0.11837686598300934,0.9786324786324786,0.9700854700854701,0.9871794871794872,617
265,0.15810108184814453,0.9743589743589743,0.9871794871794872,0.9850427350427351,617
266,0.11824540793895721,0.9829059829059829,0.9786324786324786,0.9487179487179487,617
267,0.14222443103790283,0.967948717948718,0.9957264957264957,0.9935897435897436,617
268,0.19686681032180786,0.9615384615384616,0.9764957264957265,0.9935897435897436,617
269,0.1007544994354248,0.9871794871794872,0.9935897435897436,0.9572649572649573,617
270,0.14133019745349884,0.9700854700854701,0.9786324786324786,0.9807692307692307,617
271,0.09906613081693649,0.9914529914529915,0.9722222222222222,0.9807692307692307,617
272,0.13705500960350037,0.9743589743589743,0.9871794871794872,0.9829059829059829,617
273,0.09547595679759979,0.9957264957264957,0.9935897435897436,0.9764957264957265,617
274,0.14786787331104279,0.967948717948718,0.9615384615384616,0.9722222222222222,617
275,0.12333936989307404,0.9829059829059829,0.9850427350427351,0.9829059829059829,617
276,0.1078532412648201,0.9850427350427351,0.9764957264957265,0.9807692307692307,617
277,0.11544699966907501,0.9850427350427351,0.9829059829059829,0.9829059829059829,617
278,0.15639963746070862,0.9615384615384616,0.9423076923076923,0.9615384615384616,617
279,0.10251903533935547,0.9914529914529915,0.9850427350427351,0.9914529914529915,617
280,0.08784426003694534,0.9957264957264957,0.9957264957264957,0.9978632478632479,617
281,0.13268744945526123,0.9786324786324786,0.9871794871794872,0.9978632478632479,617
282,0.08871790021657944,0.9957264957264957,0.9700854700854701,0.9807692307692307,617
283,0.13012884557247162,0.9764957264957265,0.9658119658119658,0.9850427350427351,617
284,0.0976315513253212,0.9935897435897436,0.9786324786324786,0.9636752136752137,617
285,0.17140790820121765,0.9722222222222222,0.9935897435897436,0.9914529914529915,617
286,0.11348672956228256,0.9786324786324786,0.9978632478632479,0.9829059829059829,617
287,0.10370687395334244,0.9871794871794872,0.9829059829059829,0.9700854700854701,617
288,0.12201475352048874,0.9807692307692307,0.9722222222222222,0.9914529914529915,617
289,0.09199751168489456,0.9935897435897436,0.9978632478632479,0.9871794871794872,617
290,0.0795929804444313,0.9978632478632479,0.9636752136752137,0.9893162393162394,617
291,0.11939458549022675,0.9850427350427351,0.9743589743589743,0.9850427350427351,617
292,0.08166186511516571,1.0,1.0,0.9551282051282052,617
293,0.1251421868801117,0.9764957264957265,0.9914529914529915,0.938034188034188,617
294,0.1776338517665863,0.9700854700854701,0.9935897435897436,0.9743589743589743,617
295,0.10055767744779587,0.9893162393162394,0.9807692307692307,0.9935897435897436,617
296,0.08009247481822968,0.9978632478632479,1.0,0.9914529914529915,617
297,0.07903710007667542,1.0,1.0,0.9893162393162394,617
298,0.10109659284353256,0.9893162393162394,0.9935897435897436,0.9893162393162394,617
299,0.10216177999973297,0.9935897435897436,0.9764957264957265,0.9829059829059829,617
300,0.27163422107696533,0.9337606837606838,0.9914529914529915,0.9914529914529915,617
301,0.07665608823299408,1.0,0.9807692307692307,0.9529914529914529,617
302,0.10997331142425537,0.9871794871794872,0.9444444444444444,0.9914529914529915,617
303,0.20284178853034973,0.9658119658119658,0.9700854700854701,0.9594017094017094,617
304,0.1805851310491562,0.967948717948718,0.9829059829059829,0.9850427350427351,617
305,0.29336613416671753,0.9423076923076923,0.9957264957264957,0.9978632478632479,617
306,0.19263771176338196,0.9551282051282052,0.9957264957264957,0.9829059829059829,617
307,0.08817282319068909,0.9935897435897436,0.9978632478632479,0.9978632478632479,617
308,0.12289932370185852,0.9829059829059829,0.9508547008547008,0.9957264957264957,617
309,0.07912904024124146,1.0,0.9807692307692307,0.9594017094017094,617
310,0.12309841066598892,0.9850427350427351,0.9102564102564102,0.9807692307692307,617
311,0.2668548822402954,0.9230769230769231,0.9957264957264957,0.9764957264957265,617
312,0.09384111315011978,0.9914529914529915,0.9893162393162394,0.9829059829059829,617
313,0.08235915750265121,0.9978632478632479,0.9935897435897436,0.9978632478632479,617
314,0.08872950077056885,0.9978632478632479,0.9978632478632479,0.9893162393162394,617
315,0.15736354887485504,0.9764957264957265,0.9807692307692307,0.9978632478632479,617
316,0.16273893415927887,0.9658119658119658,0.9914529914529915,0.9935897435897436,617
317,0.22343316674232483,0.9529914529914529,0.9829059829059829,0.9893162393162394,617
318,0.12194898724555969,0.9829059829059829,0.9893162393162394,0.9529914529914529,617
319,0.09043325483798981,0.9978632478632479,0.9764957264957265,0.9914529914529915,617
320,0.17293480038642883,0.9700854700854701,0.9893162393162394,0.9594017094017094,617
321,0.1706548035144806,0.9615384615384616,0.9594017094017094,0.9551282051282052,617
322,0.1654524952173233,0.9700854700854701,0.9957264957264957,0.9423076923076923,617
323,0.10645060241222382,0.9914529914529915,0.9743589743589743,0.9743589743589743,617
324,0.09924542158842087,0.9893162393162394,0.9935897435897436,0.9786324786324786,617
325,0.09820154309272766,0.9893162393162394,0.9914529914529915,0.9829059829059829,617
326,0.11527916043996811,0.9893162393162394,0.9786324786324786,0.9572649572649573,617
327,0.14118780195713043,0.9636752136752137,0.9786324786324786,0.9893162393162394,617
328,0.1983434557914734,0.9636752136752137,0.9700854700854701,0.9636752136752137,617
329,0.14095664024353027,0.9786324786324786,0.967948717948718,0.9572649572649573,617
330,0.17126786708831787,0.9658119658119658,0.9786324786324786,0.9594017094017094,617
331,0.21622556447982788,0.9551282051282052,0.9786324786324786,0.9786324786324786,617
332,0.1517789512872696,0.9764957264957265,0.9871794871794872,0.9807692307692307,617
333,0.13864141702651978,0.9807692307692307,0.9764957264957265,0.9807692307692307,617
334,0.1383238434791565,0.9807692307692307,0.9807692307692307,0.9764957264957265,617
335,0.12324361503124237,0.9829059829059829,0.9935897435897436,0.9914529914529915,617
336,0.1004893034696579,0.9893162393162394,0.9914529914529915,0.9807692307692307,617
337,0.09804128855466843,0.9914529914529915,0.9935897435897436,0.9594017094017094,617
338,0.12018506228923798,0.9807692307692307,0.9829059829059829,0.9636752136752137,617
339,0.10337625443935394,0.9850427350427351,0.9850427350427351,0.9829059829059829,617
340,0.13178439438343048,0.9743589743589743,0.9935897435897436,0.9829059829059829,617
341,0.12990179657936096,0.9722222222222222,0.9935897435897436,0.9914529914529915,617
342,0.09835827350616455,0.9935897435897436,0.9807692307692307,0.9957264957264957,617
343,0.1802862286567688,0.9615384615384616,0.967948717948718,0.9764957264957265,617
344,0.10745111852884293,0.9914529914529915,0.9978632478632479,0.9893162393162394,617
345,0.0868818610906601,0.9957264957264957,0.9700854700854701,0.9871794871794872,617
346,0.14538048207759857,0.9722222222222222,0.9551282051282052,0.9529914529914529,617
347,0.1275450885295868,0.9871794871794872,0.9914529914529915,0.9850427350427351,617
348,0.15034034848213196,0.9764957264957265,0.9722222222222222,0.9722222222222222,617
349,0.10056368261575699,0.9914529914529915,0.9829059829059829,0.967948717948718,617
350,0.11801085621118546,0.9829059829059829,0.9700854700854701,0.9871794871794872,617
351,0.09928441047668457,0.9914529914529915,0.9358974358974359,0.9871794871794872,617
352,0.12057335674762726,0.9807692307692307,0.9444444444444444,0.9743589743589743,617
353,0.0970994159579277,0.9914529914529915,0.9786324786324786,1.0,617
354,0.09385967999696732,0.9978632478632479,0.9700854700854701,0.9529914529914529,617
355,0.08732251822948456,0.9957264957264957,0.9935897435897436,0.9935897435897436,617
356,0.10653579235076904,0.9914529914529915,0.9978632478632479,0.9914529914529915,617
357,0.08366765081882477,0.9978632478632479,0.9337606837606838,0.9807692307692307,617
358,0.08560950309038162,1.0,1.0,0.9529914529914529,617
359,0.08275582641363144,0.9978632478632479,0.9871794871794872,0.9978632478632479,617
360,0.09249933063983917,0.9978632478632479,0.9935897435897436,0.9935897435897436,617
361,0.09177057445049286,0.9935897435897436,1.0,0.9957264957264957,617
362,0.07902877032756805,1.0,0.9957264957264957,0.967948717948718,617
363,0.08666212111711502,0.9935897435897436,0.9807692307692307,0.9914529914529915,617
364,0.0854293704032898,0.9935897435897436,0.9594017094017094,0.9914529914529915,617
365,0.08331362903118134,0.9957264957264957,0.9935897435897436,0.9935897435897436,617
366,0.08390501886606216,1.0,0.9935897435897436,0.9594017094017094,617
367,0.11035525798797607,0.9871794871794872,0.9978632478632479,0.9914529914529915,617
368,0.09273811429738998,0.9935897435897436,0.9914529914529915,0.9935897435897436,617
369,0.08007122576236725,1.0,0.9957264957264957,0.9871794871794872,617
370,0.09074115753173828,0.9914529914529915,0.9829059829059829,0.9914529914529915,617
371,0.14232878386974335,0.9722222222222222,0.9978632478632479,1.0,617
372,0.0775671899318695,1.0,0.9957264957264957,0.9957264957264957,617
373,0.08187559247016907,0.9957264957264957,1.0,0.9978632478632479,617
374,0.08913478255271912,0.9935897435897436,0.9978632478632479,0.9978632478632479,617
375,0.08777938038110733,0.9957264957264957,0.9935897435897436,0.9978632478632479,617
376,0.1116686686873436,0.9850427350427351,0.9935897435897436,0.9935897435897436,617
377,0.0890084058046341,0.9935897435897436,0.9722222222222222,0.9914529914529915,617
378,0.08459535241127014,0.9978632478632479,0.9914529914529915,0.9957264957264957,617
379,0.10243891924619675,0.9935897435897436,0.9871794871794872,0.9829059829059829,617
380,0.08908423781394958,0.9957264957264957,1.0,0.9871794871794872,617
381,0.08618083596229553,0.9935897435897436,1.0,1.0,617
382,0.08145797997713089,0.9978632478632479,0.9786324786324786,0.9893162393162394,617
383,0.07929115742444992,1.0,1.0,0.9935897435897436,617
384,0.07682104408740997,1.0,0.9957264957264957,0.9957264957264957,617
385,0.08115023374557495,0.9957264957264957,0.9850427350427351,0.9978632478632479,617
386,0.09048587828874588,0.9935897435897436,0.9935897435897436,0.9978632478632479,617
387,0.08065012097358704,0.9978632478632479,0.9935897435897436,0.9957264957264957,617
388,0.09103723615407944,0.9935897435897436,0.9935897435897436,0.9978632478632479,617
389,0.08799508213996887,0.9957264957264957,0.9957264957264957,0.9914529914529915,617
390,0.08079028129577637,0.9978632478632479,0.9893162393162394,0.9829059829059829,617
391,0.0901065319776535,0.9935897435897436,1.0,0.9807692307692307,617
392,0.10088173300027847,0.9893162393162394,0.9935897435897436,0.9978632478632479,617
393,0.08373475074768066,0.9957264957264957,0.9935897435897436,1.0,616
394,0.13469639420509338,0.9829059829059829,0.9935897435897436,1.0,616
395,0.08228283375501633,0.9978632478632479,0.9829059829059829,0.9978632478632479,617
396,0.09440504014492035,0.9871794871794872,0.9978632478632479,1.0,617
397,0.08216335624456406,0.9957264957264957,0.9914529914529915,0.9957264957264957,617
398,0.2110900580883026,0.9465811965811965,0.9935897435897436,0.9957264957264957,617
399,0.07865174114704132,1.0,0.9871794871794872,1.0,617
400,0.08542895317077637,0.9957264957264957,0.9764957264957265,0.9700854700854701,617
401,0.09557943046092987,0.9893162393162394,0.9914529914529915,0.967948717948718,617
402,0.10940837860107422,0.9829059829059829,0.9829059829059829,0.9829059829059829,617
403,0.13405191898345947,0.9764957264957265,0.9658119658119658,0.9743589743589743,617
404,0.08004974573850632,1.0,0.9700854700854701,0.9764957264957265,617
405,0.26804664731025696,0.9700854700854701,0.9914529914529915,0.9914529914529915,617
406,0.10173923522233963,0.9871794871794872,0.9978632478632479,0.9786324786324786,617
407,0.17157499492168427,0.9700854700854701,0.9957264957264957,0.9978632478632479,617
408,0.08379189670085907,0.9957264957264957,0.9957264957264957,0.9743589743589743,617
409,0.1233619749546051,0.9871794871794872,0.9893162393162394,0.9914529914529915,617
410,0.151145339012146,0.9764957264957265,0.9829059829059829,0.9764957264957265,617
411,0.09458206593990326,0.9914529914529915,0.9914529914529915,0.9935897435897436,617
412,0.09284431487321854,0.9914529914529915,0.9914529914529915,0.9871794871794872,617
413,0.07405338436365128,1.0,0.9935897435897436,0.9764957264957265,617
414,0.07712933421134949,1.0,0.9957264957264957,0.9893162393162394,617
415,0.11077442765235901,0.9871794871794872,0.9914529914529915,0.9935897435897436,617
416,0.09057965874671936,0.9957264957264957,0.9978632478632479,0.9978632478632479,617
417,0.08307767659425735,0.9978632478632479,0.9807692307692307,0.9978632478632479,617
418,0.08015716820955276,0.9978632478632479,0.9935897435897436,0.9850427350427351,617
419,0.11016005277633667,0.9764957264957265,0.9935897435897436,0.9935897435897436,617
420,0.1069907695055008,0.9871794871794872,0.9978632478632479,0.9807692307692307,617
421,0.08617682754993439,0.9957264957264957,0.9957264957264957,0.9786324786324786,617
422,0.08455055952072144,0.9957264957264957,0.9957264957264957,0.9978632478632479,617
423,0.07942160964012146,0.9978632478632479,0.9893162393162394,0.9829059829059829,617
424,0.08956047892570496,0.9957264957264957,0.9893162393162394,0.9615384615384616,617
425,0.13503149151802063,0.9743589743589743,0.9935897435897436,0.9935897435897436,617
426,0.09823579341173172,0.9935897435897436,0.9978632478632479,0.9914529914529915,617
427,0.10025383532047272,0.9893162393162394,0.9957264957264957,0.9978632478632479,617
428,0.084385447204113,0.9957264957264957,0.9871794871794872,0.9957264957264957,617
429,0.09993522614240646,0.9914529914529915,1.0,1.0,617
430,0.07443543523550034,1.0,0.9893162393162394,0.9957264957264957,617
431,0.0813833549618721,0.9978632478632479,0.9893162393162394,0.9871794871794872,617
432,0.0808134600520134,0.9978632478632479,0.9957264957264957,0.9850427350427351,617
433,0.10919523239135742,0.9893162393162394,0.9871794871794872,0.9743589743589743,617
434,0.09577255696058273,0.9935897435897436,0.9957264957264957,0.9935897435897436,617
435,0.14114810526371002,0.9764957264957265,0.9807692307692307,1.0,617
436,0.0774429440498352,1.0,0.9957264957264957,0.9743589743589743,617
437,0.10795029997825623,0.9893162393162394,1.0,0.9935897435897436,617
438,0.0866984948515892,0.9935897435897436,0.9978632478632479,0.9764957264957265,617
439,0.09384626150131226,0.9957264957264957,0.9957264957264957,0.9850427350427351,617
440,0.12020883709192276,0.9764957264957265,0.9850427350427351,0.9871794871794872,617
441,0.14264705777168274,0.9743589743589743,0.9978632478632479,0.9893162393162394,617
442,0.0794522613286972,1.0,1.0,1.0,617
443,0.09459460526704788,0.9957264957264957,0.9978632478632479,0.9957264957264957,617
444,0.0899348258972168,0.9957264957264957,1.0,0.9829059829059829,617
445,0.08647188544273376,0.9978632478632479,0.9935897435897436,0.9957264957264957,617
446,0.13239118456840515,0.9786324786324786,1.0,0.9978632478632479,617
447,0.07818516343832016,1.0,0.9978632478632479,1.0,617
448,0.08400210738182068,0.9978632478632479,0.9914529914529915,0.9957264957264957,617
449,0.08383098244667053,0.9957264957264957,0.9978632478632479,0.9914529914529915,617
450,0.13019342720508575,0.9786324786324786,0.9957264957264957,0.9893162393162394,617
451,0.12160418927669525,0.9807692307692307,0.9893162393162394,0.9957264957264957,617
452,0.0877223014831543,0.9957264957264957,0.9935897435897436,0.9978632478632479,617
453,0.1605989933013916,0.9764957264957265,0.9871794871794872,0.9978632478632479,617
454,0.11434094607830048,0.9850427350427351,0.9893162393162394,1.0,617
455,0.10135805606842041,0.9914529914529915,0.9423076923076923,0.9914529914529915,617
456,0.20764446258544922,0.9572649572649573,0.9786324786324786,0.9829059829059829,617
457,0.12273278832435608,0.9764957264957265,0.9829059829059829,0.9807692307692307,617
458,0.0984354317188263,0.9914529914529915,0.9551282051282052,0.9551282051282052,617
459,0.16245654225349426,0.9722222222222222,0.9572649572649573,0.9914529914529915,617
460,0.099170982837677,0.9871794871794872,0.9893162393162394,0.9764957264957265,617
461,0.09267328679561615,0.9935897435897436,0.9829059829059829,0.9764957264957265,617
462,0.08495879173278809,0.9978632478632479,0.9807692307692307,0.9829059829059829,617
463,0.10660286992788315,0.9850427350427351,0.9658119658119658,0.9636752136752137,617
464,0.08254384994506836,0.9957264957264957,0.9764957264957265,0.9529914529914529,617
465,0.11424329876899719,0.9871794871794872,0.9957264957264957,1.0,617
466,0.1357785165309906,0.9786324786324786,0.9978632478632479,1.0,617
467,0.08721665292978287,0.9935897435897436,0.9978632478632479,1.0,617
468,0.08192219585180283,0.9978632478632479,0.9935897435897436,0.9914529914529915,617
469,0.07544523477554321,1.0,0.9978632478632479,0.9957264957264957,617
470,0.10031118988990784,0.9914529914529915,0.9978632478632479,0.9935897435897436,617
471,0.10010550916194916,0.9914529914529915,0.9914529914529915,0.9914529914529915,617
472,0.1723175048828125,0.9658119658119658,0.9764957264957265,0.9893162393162394,617
473,0.07607404887676239,1.0,0.9957264957264957,0.9893162393162394,617
474,0.07592295110225677,1.0,0.9935897435897436,0.9871794871794872,617
475,0.09157638251781464,0.9935897435897436,0.9764957264957265,0.9615384615384616,617
476,0.08878723531961441,0.9914529914529915,1.0,0.9850427350427351,617
477,0.07797989249229431,0.9978632478632479,0.9957264957264957,0.9935897435897436,617
478,0.07852885127067566,0.9978632478632479,1.0,0.9743589743589743,617
479,0.090621717274189,0.9935897435897436,0.9978632478632479,0.9935897435897436,617
480,0.0851433202624321,0.9914529914529915,0.9978632478632479,0.9957264957264957,617
481,0.07470844686031342,1.0,0.9893162393162394,1.0,617
482,0.08688168227672577,0.9978632478632479,0.9935897435897436,0.9978632478632479,617
483,0.09310583770275116,0.9935897435897436,0.9978632478632479,1.0,617
484,0.08592481166124344,0.9957264957264957,0.9893162393162394,0.9978632478632479,616
485,0.07499555498361588,1.0,0.9978632478632479,1.0,616
486,0.08129344880580902,0.9957264957264957,0.9978632478632479,0.9807692307692307,616
487,0.12588545680046082,0.9807692307692307,1.0,0.9957264957264957,615
488,0.07611218094825745,1.0,0.9914529914529915,0.9978632478632479,615
489,0.07860518246889114,0.9957264957264957,0.9978632478632479,1.0,615
490,0.08752606809139252,0.9957264957264957,0.9893162393162394,0.9978632478632479,615
491,0.07426624000072479,1.0,0.9957264957264957,0.9871794871794872,615
492,0.0792568102478981,0.9978632478632479,0.9957264957264957,0.9978632478632479,615
493,0.07497420907020569,1.0,0.9850427350427351,0.9978632478632479,615
494,0.0809405967593193,0.9957264957264957,0.9957264957264957,0.9978632478632479,615
495,0.07541802525520325,1.0,0.9957264957264957,1.0,615
496,0.08164597302675247,0.9935897435897436,0.9935897435897436,0.9957264957264957,615
497,0.08349785953760147,0.9957264957264957,0.9957264957264957,0.9957264957264957,615
498,0.07408734411001205,1.0,0.9957264957264957,1.0,615
499,0.07533755153417587,1.0,1.0,0.9829059829059829,615
